relative_path,bytes,sha256
acta_postwec.mat,1674162755,d1a2556d854d659bab2f8a22c862f44fa2fd6ee010c12c23aa1680d9af1cf772
analysis_receipt.mat,16424,7b59e50acb623e949c62572c772943376c5c464182f61d05a6c63d589ec7138d
analysis_source_snapshot/analyze_interior_infeasible_v11.m,5730,9ee6a03961da2e1654beaf3be7f12c4d5ce7d9bc1c7270759a6c943a484c6d62
analysis_source_snapshot/plot_Review_v11.m,11437,4967fd765741dfef2c73ee769f96ac36abfe950b4183e61a20592fcda089023f
analysis_source_snapshot/summarize_Review_v11.m,26138,002e3692edee15a63cba6acf0ad82c3976fd562209042c20fb757c3fc4ff5355
completion_receipt.json,9453,d8bc558d81a8a248f075334517fa5d63f42993b57a8478465ac29a7ba38ff043
dm_postwec.mat,909396071,9867ee0ee1e3b92144f0747729a93c7b74a1543d89352912f91a1934d88175fd
F1_common_single_pass_timing.fig,534919,d7170cefd2afebfd7f2886edf08e7a07104f12243d9e0dd0d9a276a6fb66abc5
F1_common_single_pass_timing.pdf,22064,10ac0f52f1a4f7b9da0edfd2f2fa7f251faa756ee95e6e14e201c3a176aa6190
F1_common_single_pass_timing.png,114935,2af969bc28b882aff8af1324a2eb9acf9a47902f9ebe7ca9828fbc7db322eff0
F2_complete_paths_raw.fig,516281,66e4b58fc6bea2d91d087df2ef87a86b15928799b604bccf1da12bd8047aced0
F2_complete_paths_raw.pdf,15869,fa921a1005551887a5676ec7f5f13c1b3d08cd8855c66ad3e14449920231291c
F2_complete_paths_raw.png,119652,4ec1fa9001a0921e0029b621854e0142d821150887413b2bd866f224b9431090
F3_physical_acceptance.fig,483319,167eb6bafe632082d00c76c5f88f2248775a314486d8b044c3557a1744f0a5d8
F3_physical_acceptance.pdf,7676,0034b8b76a76d7e6e3f45538335cca12e6327ce14f8df9dfc7ed1843742e78a4
F3_physical_acceptance.png,98132,43336bd6e2cfb6a3fc3c8d3c43495d75e2fea84e00b32c97a1b2c1ad10ff760b
F4_iterations_by_force_domain.fig,476080,d8042a19cb840c10c7733a47d25df9409e6be40e6939655dff9e00081132fb67
F4_iterations_by_force_domain.pdf,5545,3a2980c402c706ecc1827b418fe039aa17c8c9ff754ec17c6d6b076337a0c188
F4_iterations_by_force_domain.png,77517,ba56016ac814a58b4636a4f8c61ebff0711ac8efb169728951e8207a1f92614c
F5_pose_timing_and_failures.fig,1142881,318b1e973856f70f7efa83485296924ccb920853c3213913258ca97f3f1bef5c
F5_pose_timing_and_failures.pdf,432909,1cda3f38c358a27da2462adb07e072f8b1a5f6297d79c1eebfbb8e245435ce50
F5_pose_timing_and_failures.png,171979,c3156d8f1df22a135e0aec9fcf2d8c3ecd6061dc949d0b3abfffcce1e447a5c1
geometry.mat,2795322,d285b5a4e9f05c50cc79c9df8f017354e93dfe7bfc339adcee9b3bdcab75bf8e
icfm_postwec.mat,1245838701,64c3abb3d362e775dd961b63038331e1b2c1acace3c76bc41dd1c32247415462
independent_readback_audit.csv,1192,6e481e008cbffe5ebc51e00512a9713a50332ae4849866a5210e83dd3d124aab
independent_readback_audit.mat,46800,19c255f8a338c8c7f19110e964f79a20a4e7bb2e98fe68ebcaa3360010958455
independent_wec_domain_audit.csv,589,f8a77a569ed26872fa5715a804f7da5da882834d138f59ce6a19f84c05e6126b
independent_wec_domain_audit.mat,41944,9e37d568d902fe15b97a4c9717f944204bf11a38062f84c7a77cc87108206b84
latency_diagnostics_v11/diagnostic_manifest.mat,51312,d07cdf80d6d180c13bf142d90964e5f5bd217c38503ef6a1b5a4dff8eb075f73
latency_diagnostics_v11/diagnostic_source_hashes.csv,675,bea1148c37045c7dcbf3664f65c71b6cc949c27962505a9f2f732f9f61c1fd3d
latency_diagnostics_v11/diagnostics.mat,47124606,a169f9b8fc5fd166a5b9806d3b4e7448c9675b213a452d73f61f6d91033177b3
latency_diagnostics_v11/INTERPRETATION.txt,4848,ca45807790d8ef51380ee8f612c2ae7c594030d2b7eea9dfd29952cddc3067a5
latency_diagnostics_v11/noop_summary.csv,184,4bd473869efe541c66fe4075aafee76969f83c51253bb871cee6b4a2540f04c1
latency_diagnostics_v11/per_input_summary.csv,274225,ce1db82541625f37e65a0fe0d1c2cf5f384e42ec3cb860215e8508058164a483
latency_diagnostics_v11/raw_calls.csv,2119399,2b9ff352e1c30aeac566d2ae29d3160e42a2e991f0a845d7f42866e7285afc46
latency_diagnostics_v11/raw_noop.csv,6216862,f3d421ff71faff75b498ab964127ae66b9ee548073da5efaee43adb9ea9e2159
latency_diagnostics_v11/selected_baseline.mat,323503,c458fa3e92a68023838538733718edf3331c33e6b4eeb3a12009177d9466827d
latency_diagnostics_v11/selected_inputs.csv,8108,b200b5289a262633b1b092c20ab1ef12657c10a310e0a6410f4baf8eb99ca483
latency_diagnostics_v11/source_snapshot/diagnose_reviewer_latency_v11.m,33058,027d6785bd998d06030e7a435146316dc557631543d40d332d58de01a71e3225
latency_diagnostics_v11/source_snapshot/LatencyClock.cs,1212,74f44019619303f4b759597beafd2e42ed45e665aed5e5abbe31c9cf30a40e22
latency_diagnostics_v11/source_snapshot/LatencyClock.dll,3584,91c77668a35785948a3993c2fadd29e7435c772c4f07701a6232757960a8aa50
latency_diagnostics_v11/work_summary.csv,870,e977052d8557efca5e3658d581230c23203f04a8771453675433bbbc1e638c0f
manifest.mat,20682016,dd328a43968118a789fe4e4b0fc1686df9b4466c1ce4e08dc0ed8c77c409fbef
masks.mat,2038237,e1832b9525efd8c67f9fe55318fb8743f9e906def8785377d4e324f2e08b6a0c
plot_evidence.mat,89216,0423ab175ace72e6b36ef37224aebfcd7506d66adc298f0927544fcad6661ca6
qp_postwec.mat,1523620900,cab9ce8dec7a49af297a66a0110f16d1860015c96912d0a52847dcfddd552d26
REVIEW_RESULTS.md,6988,e88a299ad26629767e177e6a85f08e52272141c7f49b37a02e0d41dba49d7552
run_log.txt,26810,d899d858b23a3432f279fd5e87adc49da09ac71ae0d28467f7e3bd8477e960ba
source_snapshot/Compare_Review_v11.m,27756,05d5133cc5e8f38b0f97a12806d8784335f09597922ead03961edc44f8fb9dc7
source_snapshot/WEC_v5.m,6252,e7a5f428e48b7c6ab823fcebb892bd3ab6e4b1998157d009606a58f9a8fade34
source_snapshot/wt4_2024_minmax_v4.m,6471,37afaf6231288669dcaa149a5e1f841bba5cd7934602dd17fda0019a76d4974e
source_snapshot/wt_acta.m,8823,567e67d0929e5cfae37d41a737fcd2f02c705c9eadd43f64fe5d2b2fa421f6b9
source_snapshot/wt_gouttefarde_v2.m,7744,bd66378b7c2d2c9a324dd9071f18a371583261dd2b610c60f3d0668b7f6b84b8
source_snapshot/wt_pott_v2.m,5019,6a82b4cf6e35b49d81bd4a87a22e4e66719aa99d3c58f566550452794c430578
source_snapshot/wt_qp_bounded_v11.m,2122,e10d62e6e7c3d7265accb3842053c05cdadf6ea155da497d829b9029629bafb8
source_snapshot/wt_xacta.m,21866,c903fd1d374509283f52e0dafe89ce85103fddfab04818d8f05593ef876fe943
spatial_summary.mat,403993,c1f784e795c6b6fdf22c2e589eb6878be6791d8c07f21cb27c47927a8037871e
summary.mat,612497,e3cbaabb9d03b4398259dfa94521c107df57cd855fb61a6ae221f5a5448d2f80
T_complete_paths_matched.csv,1404,c94aec6cd292763823261b99aec7b9be8d13806c735ce7dd57d7ee3c2945ffdc
T_complete_paths_matched_interiors.csv,960,60a00d64289f3e666607c8f4b99173ccbbf20f66d050e8dbe26d4afe2277ca81
T_complete_paths_matched_interiors.mat,49176,caac7a61b3c914a8cacfcc391563fad7f77d3403f281bde3b0b36261e836169d
T_domain.csv,264,add0b2a3bd83f3e2145bd792ce89e9e7cc44e586fa2dc7f7d99ffd2d10a2fd94
T_force_approximation.csv,4172,92a3b32fb6775bc5321cb086fdfb6769a29ec0191f3484d5c6c45fcc015ffa64
T_iterative_domains.csv,3284,a157fb8c6c94aaf8c6c3690cac45c734625768645529e79bd683c031e1f3c9be
T_L2_matched.csv,1169,fa8e80066aa4b5c38cf8d4f62008bb7772a771c36b6809e9275069d16aa3c4c4
T_pipeline_parity.csv,155,00755f081f90ccaf4d1b9b9488839b4a3f0d852d485645fca19fe5872ff400f1
T_postwec_components.csv,457,fe4087b275ec97bd0f516ed2fdca3b5a0fe6eb2f849a67d9e579f3e21a59e4b2
T_quality.csv,12759,6a92a4581b1e553f576e3d1a7a73f6c12245fe4f792eb63e98020ab6e425103a
T_timing.csv,7907,dd28a4ccbd388f2a088490e85d65fbf480bea7ad4c27f197492c8d3f181a8a93
T_wec_behavior.csv,772,7ea5887fa006d0aaee7d2c1385759e89925a69d94de2889e5d3d74ada3d2b4d6
vtda_postwec.mat,1007132195,e071f0c7a689d877280d7ae6f7937729db7e5d1dd01cd40c76428e72096a3a5b
wec.mat,661721848,ba0602da6b54e3da83a137e9d0a4ba802e031b91a865638d9d04188b0e2ebdb6
wecdm_raw.mat,1026334694,9bc31b0d3cc92dbe328779fa346ab81ac1eabfe9b4810c92c515525038afe101
xacta_raw.mat,2451540368,82523a6018859fbc53ae80e44a44bb6d4c04fee5f51916a70154964f51ed5e64
