file,bytes,sha256
benchmark/ANALYSIS_METADATA_CHANGE.txt,1067,206bae757872ee42837c365d05f12a458c9309c9485580ba66a1b4f1f21a0cfa
benchmark/captured/analyze_interior_infeasible_v11.m,5730,9ee6a03961da2e1654beaf3be7f12c4d5ce7d9bc1c7270759a6c943a484c6d62
benchmark/captured/Compare_Review_v11.m,27756,05d5133cc5e8f38b0f97a12806d8784335f09597922ead03961edc44f8fb9dc7
benchmark/captured/summarize_Review_v11.m,26118,fde2dd11bb0729fd787c392ceb96a18684871ef98ed237337bf4aa06ce09387d
benchmark/compute_norm_differences_saved_v11.m,23073,52e23542d1386db97c1dd9c1021a38ec9f7abdace8763557d85852d45c02361e
benchmark/README.txt,12063,5f573f3aef064402af5d304dc3e21d2400c163bcc2dbf203687686e3c6801eea
benchmark/reproduce_saved_results.m,7942,84c710c32c9330edea5af4e83817c8cde0b1203c8c3b0bd2c286ea10b1daedc9
benchmark/run_benchmark.m,4087,8fc27038b423c79e8a726523826cd05074ddcd076dc81c9ed42c20e9b2fc2a60
benchmark/SETTINGS_AND_TIMING.txt,6966,782705ddad9c6818791d61e6209e85d29f6b4790a5f92e7efef493bd35245a15
CHANGES.txt,2910,7ea7b78dd41a5233ea9e1a9a7ebd1df571b673aff6375e5ea0742ec010d48181
docs/FUNCTION_REFERENCE.txt,11519,b1a94bde9d1ec491d321efa1d2b08f63f20616e0c2d6cef1ced16ed1f246b5a3
docs/METHOD_SOURCES.txt,5095,a4fbe83bfdfcf0319a79a737f73214b20ad970a492a8fd8b1565f10f1aabb954
docs/VALIDATION.txt,4060,60331acf942333dc687a0bcf5abba92e64f956fd30800d0206509b0b0aa3361f
examples/run_example.m,6035,0bbc6a30f8b911b54fbcdfd2ff102534a4ca39da061311c4e150e0f1a8d75fe3
NOTICES.txt,864,ac95c52b32346f4ec9838337897df3a5dee3d4286e0b4afeec2a620a490d2a48
provenance/FULL_DATA_INVENTORY.csv,7590,802a8713baadec0d806d5a48a2b2c888f392d60244af4d201924bf3692ea2283
provenance/SOURCE_MANIFEST.csv,3021,fbcd9dc4319497385dad4dea54cd671fcedc7d6c1726c4796b381b7dd8759670
README.txt,4770,9813502e49654cca39567989dd9fe20e409b05c565cb25ab3bde5b65b7a8c754
src/WEC_v5.m,8683,83ca6bad6c157033942b746f2348366cf97cc57219b80f091d6a02109148fae0
src/wt4_2024_minmax_v4.m,8300,f178ff22019dcd3f60100cfe3e87eb69501f20653b8cb0138f07bd4c369d5202
src/wt_acta.m,5718,4f8644c23d7e0484e9de5b934870282140ee3e1184affbf3735bd061edbc5fb6
src/wt_gouttefarde_v2.m,9970,76ab7954ca81ddb2dfddb5a5897d37b0066cbc9cc87cd621d1484f1f5f62ee5e
src/wt_pott_v2.m,6997,28c2ee1afd2e065215ccf5c26f97b1eef3ee5a161d656b49cf39765d08d86d16
src/wt_qp_bounded_v11.m,3665,2b32ed63ed0ad3dea7e585ae5f3f8f4bd5343a241530f0d594702c1fdb32d864
src/wt_xacta.m,19557,4fd8c904b14ab275aec5b9e8a659dd0e6d5b84f5414362993371224c7ef08d85
